id,age,gender,label
"user_1",24,"MALE","technician"
"user_2",53,"FEMALE","other"
"user_3",23,"MALE","writer"
"user_4",24,"MALE","technician"
"user_5",33,"FEMALE","other"
"user_6",42,"MALE","executive"
"user_7",57,"MALE","administrator"
"user_8",36,"MALE","administrator"
"user_9",29,"MALE","student"
"user_10",53,"MALE","lawyer"
"user_11",39,"FEMALE","other"
"user_12",28,"FEMALE","other"
"user_13",47,"MALE","educator"
"user_14",45,"MALE","scientist"
"user_15",49,"FEMALE","educator"
"user_16",21,"MALE","entertainment"
"user_17",30,"MALE","programmer"
"user_18",35,"FEMALE","other"
"user_19",40,"MALE","librarian"
"user_20",42,"FEMALE","homemaker"
"user_21",26,"MALE","writer"
"user_22",25,"MALE","writer"
"user_23",30,"FEMALE","artist"
"user_24",21,"FEMALE","artist"
"user_25",39,"MALE","engineer"
"user_26",49,"MALE","engineer"
"user_27",40,"FEMALE","librarian"
"user_28",32,"MALE","writer"
"user_29",41,"MALE","programmer"
"user_30",7,"MALE","student"
"user_31",24,"MALE","artist"
"user_32",28,"FEMALE","student"
"user_33",23,"MALE","student"
"user_34",38,"FEMALE","administrator"
"user_35",20,"FEMALE","homemaker"
"user_36",19,"FEMALE","student"
"user_37",23,"MALE","student"
"user_38",28,"FEMALE","other"
"user_39",41,"MALE","entertainment"
"user_40",38,"MALE","scientist"
"user_41",33,"MALE","engineer"
"user_42",30,"MALE","administrator"
"user_43",29,"FEMALE","librarian"
"user_44",26,"MALE","technician"
"user_45",29,"MALE","programmer"
"user_46",27,"FEMALE","marketing"
"user_47",53,"MALE","marketing"
"user_48",45,"MALE","administrator"
"user_49",23,"FEMALE","student"
"user_50",21,"MALE","writer"
"user_51",28,"MALE","educator"
"user_52",18,"FEMALE","student"
"user_53",26,"MALE","programmer"
"user_54",22,"MALE","executive"
"user_55",37,"MALE","programmer"
"user_56",25,"MALE","librarian"
"user_57",16,"MALE","none"
"user_58",27,"MALE","programmer"
"user_59",49,"MALE","educator"
"user_60",50,"MALE","healthcare"
"user_61",36,"MALE","engineer"
"user_62",27,"FEMALE","administrator"
"user_63",31,"MALE","marketing"
"user_64",32,"MALE","educator"
"user_65",51,"FEMALE","educator"
"user_66",23,"MALE","student"
"user_67",17,"MALE","student"
"user_68",19,"MALE","student"
"user_69",24,"MALE","engineer"
"user_70",27,"MALE","engineer"
"user_71",39,"MALE","scientist"
"user_72",48,"FEMALE","administrator"
"user_73",24,"MALE","student"
"user_74",39,"MALE","scientist"
"user_75",24,"MALE","entertainment"
"user_76",20,"MALE","student"
"user_77",30,"MALE","technician"
"user_78",26,"MALE","administrator"
"user_79",39,"FEMALE","administrator"
"user_80",34,"FEMALE","administrator"
"user_81",21,"MALE","student"
"user_82",50,"MALE","programmer"
"user_83",40,"MALE","other"
"user_84",32,"MALE","executive"
"user_85",51,"MALE","educator"
"user_86",26,"MALE","administrator"
"user_87",47,"MALE","administrator"
"user_88",49,"FEMALE","librarian"
"user_89",43,"FEMALE","administrator"
"user_90",60,"MALE","educator"
"user_91",55,"MALE","marketing"
"user_92",32,"MALE","entertainment"
"user_93",48,"MALE","executive"
"user_94",26,"MALE","student"
"user_95",31,"MALE","administrator"
"user_96",25,"FEMALE","artist"
"user_97",43,"MALE","artist"
"user_98",49,"FEMALE","executive"
"user_99",20,"MALE","student"
"user_100",36,"MALE","executive"
"user_101",15,"MALE","student"
"user_102",38,"MALE","programmer"
"user_103",26,"MALE","student"
"user_104",27,"MALE","student"
"user_105",24,"MALE","engineer"
"user_106",61,"MALE","retired"
"user_107",39,"MALE","scientist"
"user_108",44,"MALE","educator"
"user_109",29,"MALE","other"
"user_110",19,"MALE","student"
"user_111",57,"MALE","engineer"
"user_112",30,"MALE","salesman"
"user_113",47,"MALE","executive"
"user_114",27,"MALE","programmer"
"user_115",31,"MALE","engineer"
"user_116",40,"MALE","healthcare"
"user_117",20,"MALE","student"
"user_118",21,"MALE","administrator"
"user_119",32,"MALE","programmer"
"user_120",47,"FEMALE","other"
"user_121",54,"MALE","librarian"
"user_122",32,"FEMALE","writer"
"user_123",48,"FEMALE","artist"
"user_124",34,"MALE","student"
"user_125",30,"MALE","lawyer"
"user_126",28,"FEMALE","lawyer"
"user_127",33,"MALE","none"
"user_128",24,"FEMALE","marketing"
"user_129",36,"FEMALE","marketing"
"user_130",20,"MALE","none"
"user_131",59,"FEMALE","administrator"
"user_132",24,"MALE","other"
"user_133",53,"MALE","engineer"
"user_134",31,"MALE","programmer"
"user_135",23,"MALE","student"
"user_136",51,"MALE","other"
"user_137",50,"MALE","educator"
"user_138",46,"MALE","doctor"
"user_139",20,"MALE","student"
"user_140",30,"FEMALE","student"
"user_141",49,"MALE","programmer"
"user_142",13,"MALE","other"
"user_143",42,"MALE","technician"
"user_144",53,"MALE","programmer"
"user_145",31,"MALE","entertainment"
"user_146",45,"MALE","artist"
"user_147",40,"FEMALE","librarian"
"user_148",33,"MALE","engineer"
"user_149",35,"FEMALE","marketing"
"user_150",20,"FEMALE","artist"
"user_151",38,"FEMALE","administrator"
"user_152",33,"FEMALE","educator"
"user_153",25,"MALE","student"
"user_154",25,"MALE","student"
"user_155",32,"FEMALE","other"
"user_156",25,"MALE","educator"
"user_157",57,"MALE","engineer"
"user_158",50,"MALE","educator"
"user_159",23,"FEMALE","student"
"user_160",27,"MALE","programmer"
"user_161",50,"MALE","lawyer"
"user_162",25,"MALE","artist"
"user_163",49,"MALE","administrator"
"user_164",47,"MALE","healthcare"
"user_165",20,"FEMALE","other"
"user_166",47,"MALE","educator"
"user_167",37,"MALE","other"
"user_168",48,"MALE","other"
"user_169",52,"FEMALE","other"
"user_170",53,"FEMALE","healthcare"
"user_171",48,"FEMALE","educator"
"user_172",55,"MALE","marketing"
"user_173",56,"MALE","other"
"user_174",30,"FEMALE","administrator"
"user_175",26,"FEMALE","scientist"
"user_176",28,"MALE","scientist"
"user_177",20,"MALE","programmer"
"user_178",26,"MALE","other"
"user_179",15,"MALE","entertainment"
"user_180",22,"FEMALE","administrator"
"user_181",26,"MALE","executive"
"user_182",36,"MALE","programmer"
"user_183",33,"MALE","scientist"
"user_184",37,"MALE","librarian"
"user_185",53,"FEMALE","librarian"
"user_186",39,"FEMALE","executive"
"user_187",26,"MALE","educator"
"user_188",42,"MALE","student"
"user_189",32,"MALE","artist"
"user_190",30,"MALE","administrator"
"user_191",33,"MALE","administrator"
"user_192",42,"MALE","educator"
"user_193",29,"MALE","student"
"user_194",38,"MALE","administrator"
"user_195",42,"MALE","scientist"
"user_196",49,"MALE","writer"
"user_197",55,"MALE","technician"
"user_198",21,"FEMALE","student"
"user_199",30,"MALE","writer"
"user_200",40,"MALE","programmer"
"user_201",27,"MALE","writer"
"user_202",41,"FEMALE","educator"
"user_203",25,"FEMALE","student"
"user_204",52,"FEMALE","librarian"
"user_205",47,"MALE","lawyer"
"user_206",14,"FEMALE","student"
"user_207",39,"MALE","marketing"
"user_208",43,"MALE","engineer"
"user_209",33,"FEMALE","educator"
"user_210",39,"MALE","engineer"
"user_211",66,"MALE","salesman"
"user_212",49,"FEMALE","educator"
"user_213",33,"MALE","executive"
"user_214",26,"FEMALE","librarian"
"user_215",35,"MALE","programmer"
"user_216",22,"MALE","engineer"
"user_217",22,"MALE","other"
"user_218",37,"MALE","administrator"
"user_219",32,"MALE","programmer"
"user_220",30,"MALE","librarian"
"user_221",19,"MALE","student"
"user_222",29,"MALE","programmer"
"user_223",19,"FEMALE","student"
"user_224",31,"FEMALE","educator"
"user_225",51,"FEMALE","administrator"
"user_226",28,"MALE","student"
"user_227",46,"MALE","executive"
"user_228",21,"FEMALE","student"
"user_229",29,"FEMALE","librarian"
"user_230",28,"FEMALE","student"
"user_231",48,"MALE","librarian"
"user_232",45,"MALE","scientist"
"user_233",38,"MALE","engineer"
"user_234",60,"MALE","retired"
"user_235",37,"MALE","educator"
"user_236",44,"FEMALE","writer"
"user_237",49,"MALE","administrator"
"user_238",42,"FEMALE","administrator"
"user_239",39,"MALE","artist"
"user_240",23,"FEMALE","educator"
"user_241",26,"FEMALE","student"
"user_242",33,"MALE","educator"
"user_243",33,"MALE","educator"
"user_244",28,"MALE","technician"
"user_245",22,"MALE","student"
"user_246",19,"MALE","student"
"user_247",28,"MALE","engineer"
"user_248",25,"MALE","student"
"user_249",25,"MALE","student"
"user_250",29,"MALE","executive"
"user_251",28,"MALE","doctor"
"user_252",42,"MALE","engineer"
"user_253",26,"FEMALE","librarian"
"user_254",44,"MALE","educator"
"user_255",23,"MALE","entertainment"
"user_256",35,"FEMALE","none"
"user_257",17,"MALE","student"
"user_258",19,"FEMALE","student"
"user_259",21,"MALE","student"
"user_260",40,"FEMALE","artist"
"user_261",28,"MALE","administrator"
"user_262",19,"FEMALE","student"
"user_263",41,"MALE","programmer"
"user_264",36,"FEMALE","writer"
"user_265",26,"MALE","executive"
"user_266",62,"FEMALE","administrator"
"user_267",23,"MALE","engineer"
"user_268",24,"MALE","engineer"
"user_269",31,"FEMALE","librarian"
"user_270",18,"FEMALE","student"
"user_271",51,"MALE","engineer"
"user_272",33,"MALE","scientist"
"user_273",50,"FEMALE","other"
"user_274",20,"FEMALE","student"
"user_275",38,"MALE","engineer"
"user_276",21,"MALE","student"
"user_277",35,"FEMALE","administrator"
"user_278",37,"FEMALE","librarian"
"user_279",33,"MALE","programmer"
"user_280",30,"FEMALE","librarian"
"user_281",15,"FEMALE","student"
"user_282",22,"MALE","administrator"
"user_283",28,"MALE","programmer"
"user_284",40,"MALE","executive"
"user_285",25,"MALE","programmer"
"user_286",27,"MALE","student"
"user_287",21,"MALE","salesman"
"user_288",34,"MALE","marketing"
"user_289",11,"MALE","none"
"user_290",40,"MALE","engineer"
"user_291",19,"MALE","student"
"user_292",35,"FEMALE","programmer"
"user_293",24,"MALE","writer"
"user_294",34,"MALE","technician"
"user_295",31,"MALE","educator"
"user_296",43,"FEMALE","administrator"
"user_297",29,"FEMALE","educator"
"user_298",44,"MALE","executive"
"user_299",29,"MALE","doctor"
"user_300",26,"FEMALE","programmer"
"user_301",24,"MALE","student"
"user_302",42,"MALE","educator"
"user_303",19,"MALE","student"
"user_304",22,"FEMALE","student"
"user_305",23,"MALE","programmer"
"user_306",45,"MALE","other"
"user_307",25,"MALE","student"
"user_308",60,"MALE","retired"
"user_309",40,"MALE","scientist"
"user_310",37,"MALE","educator"
"user_311",32,"MALE","technician"
"user_312",48,"MALE","other"
"user_313",41,"MALE","marketing"
"user_314",20,"FEMALE","student"
"user_315",31,"MALE","educator"
"user_316",43,"FEMALE","other"
"user_317",22,"MALE","administrator"
"user_318",65,"MALE","retired"
"user_319",38,"MALE","programmer"
"user_320",19,"MALE","student"
"user_321",49,"FEMALE","educator"
"user_322",20,"MALE","student"
"user_323",21,"MALE","student"
"user_324",21,"FEMALE","student"
"user_325",48,"MALE","technician"
"user_326",41,"MALE","administrator"
"user_327",22,"MALE","student"
"user_328",51,"MALE","administrator"
"user_329",48,"MALE","educator"
"user_330",35,"FEMALE","educator"
"user_331",33,"MALE","entertainment"
"user_332",20,"MALE","student"
"user_333",47,"MALE","other"
"user_334",32,"MALE","librarian"
"user_335",45,"MALE","executive"
"user_336",23,"MALE","salesman"
"user_337",37,"MALE","scientist"
"user_338",39,"FEMALE","librarian"
"user_339",35,"MALE","lawyer"
"user_340",46,"MALE","engineer"
"user_341",17,"FEMALE","student"
"user_342",25,"FEMALE","other"
"user_343",43,"MALE","engineer"
"user_344",30,"FEMALE","librarian"
"user_345",28,"FEMALE","librarian"
"user_346",34,"MALE","other"
"user_347",18,"MALE","student"
"user_348",24,"FEMALE","student"
"user_349",68,"MALE","retired"
"user_350",32,"MALE","student"
"user_351",61,"MALE","educator"
"user_352",37,"FEMALE","programmer"
"user_353",25,"MALE","scientist"
"user_354",29,"FEMALE","librarian"
"user_355",25,"MALE","student"
"user_356",32,"FEMALE","homemaker"
"user_357",26,"MALE","executive"
"user_358",40,"MALE","educator"
"user_359",22,"MALE","student"
"user_360",51,"MALE","other"
"user_361",22,"MALE","student"
"user_362",35,"FEMALE","homemaker"
"user_363",20,"MALE","student"
"user_364",63,"MALE","engineer"
"user_365",29,"MALE","lawyer"
"user_366",20,"FEMALE","student"
"user_367",17,"MALE","student"
"user_368",18,"MALE","student"
"user_369",24,"MALE","student"
"user_370",52,"MALE","writer"
"user_371",36,"MALE","engineer"
"user_372",25,"FEMALE","student"
"user_373",24,"FEMALE","other"
"user_374",36,"MALE","executive"
"user_375",17,"MALE","entertainment"
"user_376",28,"FEMALE","other"
"user_377",22,"MALE","student"
"user_378",35,"MALE","student"
"user_379",44,"MALE","programmer"
"user_380",32,"MALE","engineer"
"user_381",33,"MALE","artist"
"user_382",45,"MALE","engineer"
"user_383",42,"MALE","administrator"
"user_384",52,"MALE","programmer"
"user_385",36,"MALE","writer"
"user_386",36,"MALE","salesman"
"user_387",33,"MALE","entertainment"
"user_388",31,"MALE","other"
"user_389",44,"FEMALE","writer"
"user_390",42,"FEMALE","writer"
"user_391",23,"MALE","student"
"user_392",52,"MALE","writer"
"user_393",19,"MALE","student"
"user_394",25,"MALE","administrator"
"user_395",43,"MALE","other"
"user_396",57,"MALE","engineer"
"user_397",17,"MALE","student"
"user_398",40,"MALE","other"
"user_399",25,"MALE","other"
"user_400",33,"FEMALE","administrator"
"user_401",46,"FEMALE","healthcare"
"user_402",30,"MALE","engineer"
"user_403",37,"MALE","other"
"user_404",29,"FEMALE","programmer"
"user_405",22,"FEMALE","healthcare"
"user_406",52,"MALE","educator"
"user_407",29,"MALE","engineer"
"user_408",23,"MALE","student"
"user_409",48,"MALE","administrator"
"user_410",30,"FEMALE","artist"
"user_411",34,"MALE","educator"
"user_412",25,"MALE","educator"
"user_413",55,"MALE","educator"
"user_414",24,"MALE","programmer"
"user_415",39,"MALE","educator"
"user_416",20,"FEMALE","student"
"user_417",27,"FEMALE","other"
"user_418",55,"FEMALE","none"
"user_419",37,"MALE","lawyer"
"user_420",53,"MALE","educator"
"user_421",38,"FEMALE","programmer"
"user_422",26,"MALE","entertainment"
"user_423",64,"MALE","other"
"user_424",36,"FEMALE","marketing"
"user_425",19,"MALE","student"
"user_426",55,"MALE","educator"
"user_427",51,"MALE","doctor"
"user_428",28,"MALE","student"
"user_429",27,"MALE","student"
"user_430",38,"MALE","scientist"
"user_431",24,"MALE","marketing"
"user_432",22,"MALE","entertainment"
"user_433",27,"MALE","artist"
"user_434",16,"FEMALE","student"
"user_435",24,"MALE","engineer"
"user_436",30,"FEMALE","administrator"
"user_437",27,"FEMALE","other"
"user_438",51,"FEMALE","administrator"
"user_439",23,"FEMALE","administrator"
"user_440",30,"MALE","other"
"user_441",50,"MALE","technician"
"user_442",22,"MALE","student"
"user_443",35,"MALE","salesman"
"user_444",51,"FEMALE","lawyer"
"user_445",21,"MALE","writer"
"user_446",57,"MALE","educator"
"user_447",30,"MALE","administrator"
"user_448",23,"MALE","entertainment"
"user_449",23,"MALE","librarian"
"user_450",35,"FEMALE","educator"
"user_451",16,"MALE","student"
"user_452",35,"MALE","administrator"
"user_453",18,"MALE","student"
"user_454",57,"MALE","other"
"user_455",48,"MALE","administrator"
"user_456",24,"MALE","technician"
"user_457",33,"FEMALE","salesman"
"user_458",47,"MALE","technician"
"user_459",22,"MALE","student"
"user_460",44,"FEMALE","other"
"user_461",15,"MALE","student"
"user_462",19,"FEMALE","student"
"user_463",48,"FEMALE","healthcare"
"user_464",60,"MALE","writer"
"user_465",32,"MALE","other"
"user_466",22,"MALE","student"
"user_467",29,"MALE","engineer"
"user_468",28,"MALE","engineer"
"user_469",60,"MALE","educator"
"user_470",24,"MALE","programmer"
"user_471",10,"MALE","student"
"user_472",24,"MALE","student"
"user_473",29,"MALE","student"
"user_474",51,"MALE","executive"
"user_475",30,"MALE","programmer"
"user_476",28,"MALE","student"
"user_477",23,"FEMALE","student"
"user_478",29,"MALE","other"
"user_479",30,"MALE","educator"
"user_480",57,"MALE","retired"
"user_481",73,"MALE","retired"
"user_482",18,"FEMALE","student"
"user_483",29,"MALE","scientist"
"user_484",27,"MALE","student"
"user_485",44,"FEMALE","educator"
"user_486",39,"MALE","educator"
"user_487",22,"MALE","engineer"
"user_488",48,"MALE","technician"
"user_489",55,"MALE","other"
"user_490",29,"FEMALE","artist"
"user_491",43,"FEMALE","writer"
"user_492",57,"MALE","educator"
"user_493",22,"MALE","engineer"
"user_494",38,"FEMALE","administrator"
"user_495",29,"MALE","engineer"
"user_496",21,"FEMALE","student"
"user_497",20,"MALE","student"
"user_498",26,"MALE","writer"
"user_499",42,"MALE","programmer"
"user_500",28,"MALE","administrator"
"user_501",22,"MALE","student"
"user_502",22,"MALE","student"
"user_503",50,"FEMALE","writer"
"user_504",40,"FEMALE","writer"
"user_505",27,"FEMALE","other"
"user_506",46,"MALE","programmer"
"user_507",18,"FEMALE","writer"
"user_508",27,"MALE","marketing"
"user_509",23,"MALE","administrator"
"user_510",34,"MALE","other"
"user_511",22,"MALE","student"
"user_512",29,"MALE","other"
"user_513",43,"MALE","administrator"
"user_514",27,"MALE","programmer"
"user_515",53,"MALE","marketing"
"user_516",53,"FEMALE","librarian"
"user_517",24,"MALE","student"
"user_518",49,"FEMALE","writer"
"user_519",22,"MALE","other"
"user_520",62,"MALE","healthcare"
"user_521",19,"MALE","student"
"user_522",36,"MALE","engineer"
"user_523",50,"FEMALE","administrator"
"user_524",56,"MALE","educator"
"user_525",27,"FEMALE","administrator"
"user_526",30,"MALE","marketing"
"user_527",33,"MALE","librarian"
"user_528",18,"MALE","student"
"user_529",47,"FEMALE","administrator"
"user_530",29,"MALE","engineer"
"user_531",30,"FEMALE","salesman"
"user_532",20,"MALE","student"
"user_533",43,"MALE","librarian"
"user_534",20,"MALE","student"
"user_535",45,"FEMALE","educator"
"user_536",38,"MALE","engineer"
"user_537",36,"MALE","engineer"
"user_538",31,"MALE","scientist"
"user_539",53,"FEMALE","administrator"
"user_540",28,"MALE","engineer"
"user_541",19,"FEMALE","student"
"user_542",21,"MALE","student"
"user_543",33,"MALE","scientist"
"user_544",44,"FEMALE","other"
"user_545",27,"MALE","technician"
"user_546",36,"MALE","executive"
"user_547",50,"MALE","educator"
"user_548",51,"MALE","writer"
"user_549",42,"MALE","scientist"
"user_550",16,"FEMALE","student"
"user_551",25,"MALE","programmer"
"user_552",45,"MALE","other"
"user_553",58,"MALE","educator"
"user_554",32,"MALE","scientist"
"user_555",29,"FEMALE","educator"
"user_556",35,"FEMALE","educator"
"user_557",30,"FEMALE","writer"
"user_558",56,"FEMALE","writer"
"user_559",69,"MALE","executive"
"user_560",32,"MALE","student"
"user_561",23,"MALE","engineer"
"user_562",54,"FEMALE","administrator"
"user_563",39,"FEMALE","librarian"
"user_564",65,"MALE","retired"
"user_565",40,"MALE","student"
"user_566",20,"MALE","student"
"user_567",24,"MALE","entertainment"
"user_568",39,"MALE","educator"
"user_569",34,"MALE","educator"
"user_570",26,"MALE","educator"
"user_571",34,"MALE","artist"
"user_572",51,"MALE","educator"
"user_573",68,"MALE","retired"
"user_574",56,"MALE","educator"
"user_575",33,"MALE","marketing"
"user_576",48,"MALE","executive"
"user_577",36,"FEMALE","student"
"user_578",31,"MALE","administrator"
"user_579",32,"MALE","educator"
"user_580",16,"MALE","student"
"user_581",37,"MALE","other"
"user_582",17,"MALE","student"
"user_583",44,"MALE","engineer"
"user_584",25,"MALE","student"
"user_585",69,"MALE","librarian"
"user_586",20,"MALE","student"
"user_587",26,"MALE","other"
"user_588",18,"FEMALE","student"
"user_589",21,"MALE","lawyer"
"user_590",50,"MALE","educator"
"user_591",57,"FEMALE","librarian"
"user_592",18,"MALE","student"
"user_593",31,"FEMALE","educator"
"user_594",46,"MALE","educator"
"user_595",25,"MALE","programmer"
"user_596",20,"MALE","artist"
"user_597",23,"MALE","other"
"user_598",40,"FEMALE","marketing"
"user_599",22,"FEMALE","student"
"user_600",34,"MALE","programmer"
"user_601",19,"FEMALE","artist"
"user_602",47,"FEMALE","other"
"user_603",21,"MALE","programmer"
"user_604",39,"MALE","educator"
"user_605",33,"MALE","engineer"
"user_606",28,"MALE","programmer"
"user_607",49,"FEMALE","healthcare"
"user_608",22,"MALE","other"
"user_609",13,"FEMALE","student"
"user_610",22,"MALE","student"
"user_611",46,"MALE","librarian"
"user_612",36,"MALE","educator"
"user_613",37,"FEMALE","marketing"
"user_614",54,"MALE","educator"
"user_615",38,"MALE","educator"
"user_616",55,"MALE","scientist"
"user_617",27,"FEMALE","writer"
"user_618",15,"FEMALE","student"
"user_619",17,"MALE","student"
"user_620",18,"FEMALE","writer"
"user_621",17,"MALE","student"
"user_622",25,"MALE","programmer"
"user_623",50,"FEMALE","educator"
"user_624",19,"MALE","student"
"user_625",27,"MALE","programmer"
"user_626",23,"MALE","scientist"
"user_627",24,"MALE","engineer"
"user_628",13,"MALE","none"
"user_629",46,"FEMALE","other"
"user_630",26,"FEMALE","healthcare"
"user_631",18,"FEMALE","student"
"user_632",18,"MALE","student"
"user_633",35,"MALE","programmer"
"user_634",39,"MALE","engineer"
"user_635",22,"MALE","other"
"user_636",47,"MALE","educator"
"user_637",30,"MALE","other"
"user_638",45,"MALE","engineer"
"user_639",42,"FEMALE","librarian"
"user_640",20,"MALE","student"
"user_641",24,"MALE","student"
"user_642",18,"FEMALE","student"
"user_643",39,"MALE","scientist"
"user_644",51,"MALE","retired"
"user_645",27,"MALE","programmer"
"user_646",17,"FEMALE","student"
"user_647",40,"MALE","educator"
"user_648",43,"MALE","engineer"
"user_649",20,"MALE","student"
"user_650",42,"MALE","engineer"
"user_651",65,"MALE","retired"
"user_652",35,"MALE","other"
"user_653",31,"MALE","executive"
"user_654",27,"FEMALE","student"
"user_655",50,"FEMALE","healthcare"
"user_656",48,"MALE","educator"
"user_657",26,"FEMALE","none"
"user_658",33,"MALE","programmer"
"user_659",31,"MALE","educator"
"user_660",26,"MALE","student"
"user_661",28,"MALE","programmer"
"user_662",55,"MALE","librarian"
"user_663",26,"MALE","other"
"user_664",30,"MALE","engineer"
"user_665",25,"MALE","administrator"
"user_666",44,"MALE","administrator"
"user_667",35,"MALE","librarian"
"user_668",29,"FEMALE","writer"
"user_669",37,"MALE","other"
"user_670",30,"MALE","technician"
"user_671",21,"MALE","programmer"
"user_672",54,"FEMALE","administrator"
"user_673",51,"MALE","educator"
"user_674",13,"FEMALE","student"
"user_675",34,"MALE","other"
"user_676",30,"MALE","programmer"
"user_677",20,"MALE","other"
"user_678",50,"MALE","educator"
"user_679",20,"FEMALE","student"
"user_680",33,"MALE","lawyer"
"user_681",44,"FEMALE","marketing"
"user_682",23,"MALE","programmer"
"user_683",42,"MALE","librarian"
"user_684",28,"MALE","student"
"user_685",32,"FEMALE","librarian"
"user_686",32,"MALE","educator"
"user_687",31,"FEMALE","healthcare"
"user_688",37,"FEMALE","administrator"
"user_689",25,"MALE","other"
"user_690",35,"MALE","salesman"
"user_691",34,"MALE","educator"
"user_692",34,"MALE","engineer"
"user_693",43,"FEMALE","healthcare"
"user_694",60,"MALE","programmer"
"user_695",26,"MALE","writer"
"user_696",55,"MALE","other"
"user_697",25,"MALE","other"
"user_698",28,"FEMALE","programmer"
"user_699",44,"MALE","other"
"user_700",17,"MALE","student"
"user_701",51,"FEMALE","librarian"
"user_702",37,"MALE","other"
"user_703",26,"MALE","educator"
"user_704",51,"FEMALE","librarian"
"user_705",21,"FEMALE","student"
"user_706",23,"MALE","student"
"user_707",56,"FEMALE","librarian"
"user_708",26,"FEMALE","homemaker"
"user_709",21,"MALE","other"
"user_710",19,"MALE","student"
"user_711",22,"FEMALE","student"
"user_712",22,"FEMALE","student"
"user_713",42,"FEMALE","other"
"user_714",26,"MALE","engineer"
"user_715",21,"MALE","technician"
"user_716",36,"FEMALE","administrator"
"user_717",24,"MALE","technician"
"user_718",42,"MALE","technician"
"user_719",37,"FEMALE","other"
"user_720",49,"FEMALE","administrator"
"user_721",24,"FEMALE","entertainment"
"user_722",50,"FEMALE","homemaker"
"user_723",26,"MALE","executive"
"user_724",31,"MALE","executive"
"user_725",21,"MALE","student"
"user_726",25,"FEMALE","administrator"
"user_727",25,"MALE","student"
"user_728",58,"MALE","executive"
"user_729",19,"MALE","student"
"user_730",31,"FEMALE","scientist"
"user_731",41,"FEMALE","educator"
"user_732",28,"FEMALE","other"
"user_733",44,"FEMALE","other"
"user_734",25,"FEMALE","other"
"user_735",29,"FEMALE","healthcare"
"user_736",48,"FEMALE","writer"
"user_737",30,"MALE","programmer"
"user_738",35,"MALE","technician"
"user_739",35,"MALE","technician"
"user_740",25,"FEMALE","educator"
"user_741",25,"MALE","writer"
"user_742",35,"MALE","student"
"user_743",31,"MALE","programmer"
"user_744",35,"MALE","marketing"
"user_745",42,"MALE","writer"
"user_746",25,"MALE","engineer"
"user_747",19,"MALE","other"
"user_748",28,"MALE","administrator"
"user_749",33,"MALE","other"
"user_750",28,"MALE","administrator"
"user_751",24,"FEMALE","other"
"user_752",60,"MALE","retired"
"user_753",56,"MALE","salesman"
"user_754",59,"FEMALE","librarian"
"user_755",44,"FEMALE","educator"
"user_756",30,"FEMALE","none"
"user_757",26,"MALE","student"
"user_758",27,"MALE","student"
"user_759",20,"FEMALE","student"
"user_760",35,"FEMALE","other"
"user_761",17,"MALE","student"
"user_762",32,"MALE","administrator"
"user_763",27,"MALE","scientist"
"user_764",27,"FEMALE","educator"
"user_765",31,"MALE","student"
"user_766",42,"MALE","other"
"user_767",70,"MALE","engineer"
"user_768",29,"MALE","administrator"
"user_769",39,"MALE","executive"
"user_770",28,"MALE","student"
"user_771",26,"MALE","student"
"user_772",50,"MALE","writer"
"user_773",20,"MALE","student"
"user_774",30,"MALE","student"
"user_775",46,"MALE","executive"
"user_776",30,"MALE","librarian"
"user_777",63,"MALE","programmer"
"user_778",34,"MALE","student"
"user_779",31,"MALE","student"
"user_780",49,"MALE","programmer"
"user_781",20,"MALE","student"
"user_782",21,"FEMALE","artist"
"user_783",30,"MALE","marketing"
"user_784",47,"MALE","administrator"
"user_785",32,"MALE","engineer"
"user_786",36,"FEMALE","engineer"
"user_787",18,"FEMALE","student"
"user_788",51,"MALE","administrator"
"user_789",29,"MALE","other"
"user_790",27,"MALE","technician"
"user_791",31,"MALE","educator"
"user_792",40,"MALE","programmer"
"user_793",22,"MALE","student"
"user_794",32,"MALE","educator"
"user_795",30,"MALE","programmer"
"user_796",32,"FEMALE","writer"
"user_797",44,"FEMALE","other"
"user_798",40,"FEMALE","writer"
"user_799",49,"FEMALE","administrator"
"user_800",25,"MALE","programmer"
"user_801",22,"MALE","writer"
"user_802",35,"MALE","administrator"
"user_803",70,"MALE","administrator"
"user_804",39,"MALE","educator"
"user_805",27,"FEMALE","other"
"user_806",27,"MALE","marketing"
"user_807",41,"FEMALE","healthcare"
"user_808",45,"MALE","salesman"
"user_809",50,"FEMALE","marketing"
"user_810",55,"FEMALE","other"
"user_811",40,"FEMALE","educator"
"user_812",22,"MALE","technician"
"user_813",14,"FEMALE","student"
"user_814",30,"MALE","other"
"user_815",32,"MALE","other"
"user_816",34,"MALE","other"
"user_817",19,"MALE","student"
"user_818",28,"MALE","librarian"
"user_819",59,"MALE","administrator"
"user_820",22,"MALE","student"
"user_821",37,"MALE","engineer"
"user_822",29,"FEMALE","librarian"
"user_823",27,"MALE","artist"
"user_824",31,"MALE","other"
"user_825",44,"MALE","engineer"
"user_826",28,"MALE","artist"
"user_827",23,"FEMALE","engineer"
"user_828",28,"MALE","librarian"
"user_829",48,"MALE","writer"
"user_830",46,"MALE","programmer"
"user_831",21,"MALE","other"
"user_832",24,"MALE","technician"
"user_833",34,"MALE","writer"
"user_834",26,"MALE","other"
"user_835",44,"FEMALE","executive"
"user_836",44,"MALE","artist"
"user_837",36,"FEMALE","artist"
"user_838",23,"MALE","student"
"user_839",38,"FEMALE","entertainment"
"user_840",39,"MALE","artist"
"user_841",45,"MALE","doctor"
"user_842",40,"MALE","writer"
"user_843",35,"MALE","librarian"
"user_844",22,"MALE","engineer"
"user_845",64,"MALE","doctor"
"user_846",27,"MALE","lawyer"
"user_847",29,"MALE","student"
"user_848",46,"MALE","engineer"
"user_849",15,"FEMALE","student"
"user_850",34,"MALE","technician"
"user_851",18,"MALE","other"
"user_852",46,"MALE","administrator"
"user_853",49,"MALE","writer"
"user_854",29,"FEMALE","student"
"user_855",53,"MALE","librarian"
"user_856",43,"FEMALE","marketing"
"user_857",35,"FEMALE","administrator"
"user_858",63,"MALE","educator"
"user_859",18,"FEMALE","other"
"user_860",70,"FEMALE","retired"
"user_861",38,"FEMALE","student"
"user_862",25,"MALE","executive"
"user_863",17,"MALE","student"
"user_864",27,"MALE","programmer"
"user_865",25,"MALE","artist"
"user_866",45,"MALE","other"
"user_867",24,"MALE","scientist"
"user_868",21,"MALE","programmer"
"user_869",30,"MALE","student"
"user_870",22,"MALE","student"
"user_871",31,"MALE","executive"
"user_872",19,"FEMALE","student"
"user_873",48,"FEMALE","administrator"
"user_874",36,"MALE","scientist"
"user_875",24,"FEMALE","student"
"user_876",41,"MALE","other"
"user_877",30,"MALE","other"
"user_878",50,"FEMALE","educator"
"user_879",33,"FEMALE","administrator"
"user_880",13,"MALE","student"
"user_881",39,"MALE","marketing"
"user_882",35,"MALE","engineer"
"user_883",49,"MALE","librarian"
"user_884",44,"MALE","engineer"
"user_885",30,"FEMALE","other"
"user_886",20,"MALE","student"
"user_887",14,"FEMALE","student"
"user_888",41,"MALE","scientist"
"user_889",24,"MALE","technician"
"user_890",32,"MALE","student"
"user_891",51,"FEMALE","administrator"
"user_892",36,"MALE","other"
"user_893",25,"MALE","student"
"user_894",47,"MALE","educator"
"user_895",31,"FEMALE","librarian"
"user_896",28,"MALE","writer"
"user_897",30,"MALE","other"
"user_898",23,"MALE","homemaker"
"user_899",32,"MALE","other"
"user_900",60,"MALE","retired"
"user_901",38,"MALE","executive"
"user_902",45,"FEMALE","artist"
"user_903",28,"MALE","educator"
"user_904",17,"FEMALE","student"
"user_905",27,"MALE","other"
"user_906",45,"MALE","librarian"
"user_907",25,"FEMALE","other"
"user_908",44,"FEMALE","librarian"
"user_909",50,"FEMALE","educator"
"user_910",28,"MALE","healthcare"
"user_911",37,"FEMALE","writer"
"user_912",51,"MALE","other"
"user_913",27,"MALE","student"
"user_914",44,"FEMALE","other"
"user_915",50,"MALE","entertainment"
"user_916",27,"MALE","engineer"
"user_917",22,"FEMALE","student"
"user_918",40,"MALE","scientist"
"user_919",25,"MALE","other"
"user_920",30,"FEMALE","artist"
"user_921",20,"FEMALE","student"
"user_922",29,"FEMALE","administrator"
"user_923",21,"MALE","student"
"user_924",29,"MALE","other"
"user_925",18,"FEMALE","salesman"
"user_926",49,"MALE","entertainment"
"user_927",23,"MALE","programmer"
"user_928",21,"MALE","student"
"user_929",44,"MALE","scientist"
"user_930",28,"FEMALE","scientist"
"user_931",60,"MALE","educator"
"user_932",58,"MALE","educator"
"user_933",28,"MALE","student"
"user_934",61,"MALE","engineer"
"user_935",42,"MALE","doctor"
"user_936",24,"MALE","other"
"user_937",48,"MALE","educator"
"user_938",38,"FEMALE","technician"
"user_939",26,"FEMALE","student"
"user_940",32,"MALE","administrator"
"user_941",20,"MALE","student"
"user_942",48,"FEMALE","librarian"
"user_943",22,"MALE","student"
